{
    "accuracy": 0.7886178861788617,
    "precision": 0.8252526249958856,
    "recall": 0.7886178861788617,
    "f1_score": 0.7614910090194872
}